Ref,Val,Package,PosX,PosY,Rot,Side
"C1","2.2u","C_0805_2012Metric_Pad1.15x1.40mm_HandSolder",242.625000,-148.000000,180.000000,top
"C2","10n","C_0805_2012Metric_Pad1.15x1.40mm_HandSolder",242.625000,-160.000000,180.000000,top
"C3","47n","C_0805_2012Metric_Pad1.15x1.40mm_HandSolder",242.625000,-157.000000,0.000000,top
"C4","1u","C_0805_2012Metric_Pad1.15x1.40mm_HandSolder",247.350000,-154.000000,180.000000,top
"C5","10n","C_0805_2012Metric_Pad1.15x1.40mm_HandSolder",257.700000,-157.000000,0.000000,top
"C6","10n","C_0805_2012Metric_Pad1.15x1.40mm_HandSolder",257.700000,-160.500000,0.000000,top
"C7","10u","C_0805_2012Metric_Pad1.15x1.40mm_HandSolder",265.425000,-158.375000,90.000000,top
"C8","10u","C_0805_2012Metric_Pad1.15x1.40mm_HandSolder",277.425000,-153.862500,-90.000000,top
"C9","10u","C_0805_2012Metric_Pad1.15x1.40mm_HandSolder",274.425000,-153.862500,-90.000000,top
"C10","47n","C_0805_2012Metric_Pad1.15x1.40mm_HandSolder",260.575000,-167.375000,-90.000000,top
"C11","10u","C_0805_2012Metric_Pad1.15x1.40mm_HandSolder",268.700000,-170.400000,0.000000,top
"C12","10n","C_0805_2012Metric_Pad1.15x1.40mm_HandSolder",271.425000,-158.375000,90.000000,top
"C13","100nF","C_0805_2012Metric_Pad1.15x1.40mm_HandSolder",251.400000,-91.475000,-90.000000,top
"C15","10u","C_0805_2012Metric_Pad1.15x1.40mm_HandSolder",285.675000,-163.300000,0.000000,top
"C16","1u","C_0805_2012Metric_Pad1.15x1.40mm_HandSolder",295.275000,-172.300000,180.000000,top
"C17","1u","C_0805_2012Metric_Pad1.15x1.40mm_HandSolder",295.275000,-166.300000,180.000000,top
"C18","100nF","C_0805_2012Metric_Pad1.15x1.40mm_HandSolder",257.400000,-91.475000,-90.000000,top
"C19","22n","C_0805_2012Metric_Pad1.15x1.40mm_HandSolder",266.800000,-137.300000,0.000000,top
"C20","1u","C_0805_2012Metric_Pad1.15x1.40mm_HandSolder",266.800000,-131.300000,180.000000,top
"C21","47nF","C_0805_2012Metric_Pad1.15x1.40mm_HandSolder",278.200000,-131.300000,0.000000,top
"C22","47p","C_0805_2012Metric_Pad1.15x1.40mm_HandSolder",278.200000,-143.300000,180.000000,top
"C23","100nF","C_0805_2012Metric_Pad1.15x1.40mm_HandSolder",245.400000,-91.475000,-90.000000,top
"C25","100nF","C_0805_2012Metric_Pad1.15x1.40mm_HandSolder",242.400000,-91.475000,-90.000000,top
"C26","100nF","C_0805_2012Metric_Pad1.15x1.40mm_HandSolder",239.400000,-91.475000,-90.000000,top
"C27","100nF","C_0805_2012Metric_Pad1.15x1.40mm_HandSolder",236.400000,-91.475000,-90.000000,top
"C28","100nF","C_0805_2012Metric_Pad1.15x1.40mm_HandSolder",248.400000,-91.475000,-90.000000,top
"C35","4.7u","C_0805_2012Metric_Pad1.15x1.40mm_HandSolder",291.702329,-149.066579,180.000000,top
"C36","0.1u","C_0805_2012Metric_Pad1.15x1.40mm_HandSolder",285.602329,-152.066579,0.000000,top
"C37","100n","C_0805_2012Metric_Pad1.15x1.40mm_HandSolder",242.575000,-141.500000,180.000000,top
"C39","47p","C_0805_2012Metric_Pad1.15x1.40mm_HandSolder",299.802329,-155.066579,180.000000,top
"C40","15u","C_0805_2012Metric_Pad1.15x1.40mm_HandSolder",302.127329,-151.141579,-90.000000,top
"C46","220nF","C_0805_2012Metric_Pad1.15x1.40mm_HandSolder",285.775000,-137.300000,0.000000,top
"C50","220nF","C_0805_2012Metric_Pad1.15x1.40mm_HandSolder",290.680000,-140.330000,180.000000,top
"C52","1uF","C_0805_2012Metric_Pad1.15x1.40mm_HandSolder",295.375000,-143.300000,180.000000,top
"C53","100nF","C_0805_2012Metric_Pad1.15x1.40mm_HandSolder",290.680000,-131.330000,0.000000,top
"C54","10uF","C_0805_2012Metric_Pad1.15x1.40mm_HandSolder",299.975000,-140.300000,180.000000,top
"D1","5.1v","D_SOD-123",271.425000,-153.862500,-90.000000,top
"D2","LED","LED_0805_2012Metric",262.425000,-153.862500,90.000000,top
"D3","1N4001","D_SMA",254.325000,-84.850000,90.000000,top
"D4","LED","LED_0805_2012Metric",250.325000,-84.850000,-90.000000,top
"D8","1N4148","D_SOD-123",278.200000,-137.300000,0.000000,top
"D9","1N4148","D_SOD-123",278.200000,-140.300000,180.000000,top
"J4","Conn_01x10_Pin","PinHeader_1x10_P2.54mm_Vertical",311.800000,-156.000000,0.000000,top
"Q1","Q_NJFET_GDS","SOT-23-3_L2.9-W1.3-P1.90-LS2.4-BR",263.225000,-163.050000,0.000000,top
"Q2","NPN_BC847B","SOT-23",252.400000,-162.000000,-90.000000,top
"Q4","Q_NJFET_GDS","SOT-23-3_L2.9-W1.3-P1.90-LS2.4-BR",290.500000,-170.050000,90.000000,top
"Q6","NPN_BC847B","SOT-23",272.025000,-138.362500,-90.000000,top
"Q7","NPN_BC847B","SOT-23",296.337500,-130.350000,90.000000,top
"Q21","NPN_BC847B","SOT-23",247.425000,-165.100000,0.000000,top
"R3","22k","R_0805_2012Metric_Pad1.15x1.40mm_HandSolder",268.425000,-153.862500,-90.000000,top
"R4","3.3k","R_0805_2012Metric_Pad1.15x1.40mm_HandSolder",265.425000,-153.862500,-90.000000,top
"R5","1M","R_0805_2012Metric_Pad1.15x1.40mm_HandSolder",274.425000,-158.375000,-90.000000,top
"R6","2.2M","R_0805_2012Metric_Pad1.15x1.40mm_HandSolder",252.400000,-154.000000,180.000000,top
"R7","470k","R_0805_2012Metric_Pad1.15x1.40mm_HandSolder",252.400000,-157.000000,180.000000,top
"R8","1M","R_0805_2012Metric_Pad1.15x1.40mm_HandSolder",247.350000,-160.000000,180.000000,top
"R9","150k","R_0805_2012Metric_Pad1.15x1.40mm_HandSolder",247.350000,-157.000000,180.000000,top
"R10","1k","R_0805_2012Metric_Pad1.15x1.40mm_HandSolder",257.700000,-151.000000,0.000000,top
"R11","10k","R_0805_2012Metric_Pad1.15x1.40mm_HandSolder",257.700000,-154.000000,0.000000,top
"R12","1M","R_0805_2012Metric_Pad1.15x1.40mm_HandSolder",262.425000,-158.375000,-90.000000,top
"R13","22k","R_0805_2012Metric_Pad1.15x1.40mm_HandSolder",268.425000,-158.375000,-90.000000,top
"R14","1.8k","R_0805_2012Metric_Pad1.15x1.40mm_HandSolder",251.575000,-167.375000,-90.000000,top
"R15","100k","R_0805_2012Metric_Pad1.15x1.40mm_HandSolder",254.575000,-167.375000,90.000000,top
"R16","10k","R_0805_2012Metric_Pad1.15x1.40mm_HandSolder",268.700000,-167.400000,180.000000,top
"R17","1M","R_0805_2012Metric_Pad1.15x1.40mm_HandSolder",277.425000,-158.375000,90.000000,top
"R18","1M","R_0805_2012Metric_Pad1.15x1.40mm_HandSolder",257.575000,-167.375000,90.000000,top
"R19","100","R_0805_2012Metric_Pad1.15x1.40mm_HandSolder",268.700000,-164.400000,0.000000,top
"R20","10K","R_0805_2012Metric_Pad1.15x1.40mm_HandSolder",254.400000,-91.475000,-90.000000,top
"R23","4.7k","R_0805_2012Metric_Pad1.15x1.40mm_HandSolder",278.200000,-128.300000,0.000000,top
"R24","10K","R_0805_2012Metric_Pad1.15x1.40mm_HandSolder",266.800000,-128.300000,0.000000,top
"R25","10K","R_0805_2012Metric_Pad1.15x1.40mm_HandSolder",266.800000,-134.300000,180.000000,top
"R26","47k","R_0805_2012Metric_Pad1.15x1.40mm_HandSolder",278.200000,-134.300000,180.000000,top
"R27","1K","R_0805_2012Metric_Pad1.15x1.40mm_HandSolder",285.775000,-131.300000,180.000000,top
"R28","10K","R_0805_2012Metric_Pad1.15x1.40mm_HandSolder",233.400000,-91.475000,-90.000000,top
"R31","2.2k","R_0805_2012Metric_Pad1.15x1.40mm_HandSolder",247.325000,-84.850000,-90.000000,top
"R32","100k","R_0805_2012Metric_Pad1.15x1.40mm_HandSolder",285.675000,-166.300000,0.000000,top
"R33","9.53k","R_0805_2012Metric_Pad1.15x1.40mm_HandSolder",285.675000,-172.300000,180.000000,top
"R34","1M","R_0805_2012Metric_Pad1.15x1.40mm_HandSolder",285.675000,-169.300000,180.000000,top
"R35","200k","R_0805_2012Metric_Pad1.15x1.40mm_HandSolder",295.275000,-169.300000,180.000000,top
"R38","10k","R_0805_2012Metric_Pad1.15x1.40mm_HandSolder",295.275000,-163.300000,0.000000,top
"R49","22M","R_0805_2012Metric_Pad1.15x1.40mm_HandSolder",285.602329,-149.066579,0.000000,top
"R50","2.7k","R_0805_2012Metric_Pad1.15x1.40mm_HandSolder",291.702329,-152.066579,0.000000,top
"R51","10M","R_0805_2012Metric_Pad1.15x1.40mm_HandSolder",285.602329,-155.066579,180.000000,top
"R52","1K","R_0805_2012Metric_Pad1.15x1.40mm_HandSolder",285.602329,-158.066579,0.000000,top
"R53","56k","R_0805_2012Metric_Pad1.15x1.40mm_HandSolder",299.802329,-158.066579,0.000000,top
"R54","470","R_0805_2012Metric_Pad1.15x1.40mm_HandSolder",299.127329,-151.141579,-90.000000,top
"R55","2.2M","R_0805_2012Metric_Pad1.15x1.40mm_HandSolder",242.575000,-144.500000,180.000000,top
"R56","100k","R_0805_2012Metric_Pad1.15x1.40mm_HandSolder",248.575000,-138.500000,0.000000,top
"R57","2.2M","R_0805_2012Metric_Pad1.15x1.40mm_HandSolder",248.575000,-141.500000,0.000000,top
"R58","10k","R_0805_2012Metric_Pad1.15x1.40mm_HandSolder",248.575000,-144.500000,0.000000,top
"R59","100k","R_0805_2012Metric_Pad1.15x1.40mm_HandSolder",248.575000,-135.500000,180.000000,top
"R60","10","R_0805_2012Metric_Pad1.15x1.40mm_HandSolder",257.800000,-132.575000,90.000000,top
"R61","100","R_0805_2012Metric_Pad1.15x1.40mm_HandSolder",254.800000,-132.575000,90.000000,top
"R62","10k","R_0805_2012Metric_Pad1.15x1.40mm_HandSolder",296.127329,-151.141579,-90.000000,top
"R63","10K","R_0805_2012Metric_Pad1.15x1.40mm_HandSolder",285.775000,-134.300000,0.000000,top
"R64","1K","R_0805_2012Metric_Pad1.15x1.40mm_HandSolder",290.680000,-143.330000,0.000000,top
"R65","220R","R_0805_2012Metric_Pad1.15x1.40mm_HandSolder",290.680000,-137.330000,0.000000,top
"R66","1K","R_0805_2012Metric_Pad1.15x1.40mm_HandSolder",295.375000,-140.300000,180.000000,top
"R67","10K","R_0805_2012Metric_Pad1.15x1.40mm_HandSolder",290.680000,-134.330000,180.000000,top
"R69","470K","R_0805_2012Metric_Pad1.15x1.40mm_HandSolder",290.680000,-128.330000,0.000000,top
"R70","10K","R_0805_2012Metric_Pad1.15x1.40mm_HandSolder",299.975000,-134.300000,180.000000,top
"R71","100R","R_0805_2012Metric_Pad1.15x1.40mm_HandSolder",299.975000,-137.300000,0.000000,top
"R72","10K","R_0805_2012Metric_Pad1.15x1.40mm_HandSolder",299.975000,-143.300000,180.000000,top
"R111","4.7k","R_0805_2012Metric_Pad1.15x1.40mm_HandSolder",242.625000,-151.000000,0.000000,top
"R211","1K","R_0805_2012Metric_Pad1.15x1.40mm_HandSolder",266.800000,-140.300000,180.000000,top
"R222","22k","R_0805_2012Metric_Pad1.15x1.40mm_HandSolder",242.625000,-166.000000,0.000000,top
"R223","470K","R_0805_2012Metric_Pad1.15x1.40mm_HandSolder",266.800000,-143.300000,180.000000,top
"R333","1M","R_0805_2012Metric_Pad1.15x1.40mm_HandSolder",242.625000,-154.000000,180.000000,top
"R444","100k","R_0805_2012Metric_Pad1.15x1.40mm_HandSolder",242.625000,-163.000000,180.000000,top
"R555","22k","R_0805_2012Metric_Pad1.15x1.40mm_HandSolder",257.700000,-163.500000,0.000000,top
"U1","LM7301","SOT-23-5_L2.9-W1.6-P0.95-LS2.8-BL",285.763301,-143.000000,180.000000,top
"U2","LM7301","SOT-23-5_L2.9-W1.6-P0.95-LS2.8-BL",264.425000,-167.350000,-90.000000,top
"U3","LM7301","SOT-23-5_L2.9-W1.6-P0.95-LS2.8-BL",272.025000,-133.362500,-90.000000,top
"U5","LM7301","SOT-23-5_L2.9-W1.6-P0.95-LS2.8-BL",247.075000,-149.300000,0.000000,top
"U6","LM7301","SOT-23-5_L2.9-W1.6-P0.95-LS2.8-BL",290.500000,-165.050000,-90.000000,top
"U8","LM7301","SOT-23-5_L2.9-W1.6-P0.95-LS2.8-BL",255.200000,-143.950000,-90.000000,top
"U9","LM7301","SOT-23-5_L2.9-W1.6-P0.95-LS2.8-BL",291.727329,-157.116579,-90.000000,top
