"Reference","Qty","Value","DNP","Exclude from BOM","Exclude from Board","Footprint","Datasheet","LCSC Part"
"C1","1","2.2u","","","","IceScreamer:C_0805_2012Metric_Pad1.15x1.40mm_HandSolder","~",""
"C2,C5,C6,C12","4","10n","","","","IceScreamer:C_0805_2012Metric_Pad1.15x1.40mm_HandSolder","",""
"C3,C10","2","47n","","","","IceScreamer:C_0805_2012Metric_Pad1.15x1.40mm_HandSolder","",""
"C4,C16,C17,C20","4","1u","","","","IceScreamer:C_0805_2012Metric_Pad1.15x1.40mm_HandSolder","~",""
"C7,C8,C9,C11,C15","5","10u","","","","IceScreamer:C_0805_2012Metric_Pad1.15x1.40mm_HandSolder","~",""
"C13,C18,C23,C25,C26,C27,C28,C53","8","100nF","","","","IceScreamer:C_0805_2012Metric_Pad1.15x1.40mm_HandSolder","",""
"C19","1","22n","","","","IceScreamer:C_0805_2012Metric_Pad1.15x1.40mm_HandSolder","",""
"C21","1","47nF","","","","IceScreamer:C_0805_2012Metric_Pad1.15x1.40mm_HandSolder","",""
"C22,C39","2","47p","","","","IceScreamer:C_0805_2012Metric_Pad1.15x1.40mm_HandSolder","",""
"C35","1","4.7u","","","","IceScreamer:C_0805_2012Metric_Pad1.15x1.40mm_HandSolder","",""
"C36","1","0.1u","","","","IceScreamer:C_0805_2012Metric_Pad1.15x1.40mm_HandSolder","",""
"C37","1","100n","","","","IceScreamer:C_0805_2012Metric_Pad1.15x1.40mm_HandSolder","",""
"C40","1","15u","","","","IceScreamer:C_0805_2012Metric_Pad1.15x1.40mm_HandSolder","","C361175"
"C46,C50","2","220nF","","","","IceScreamer:C_0805_2012Metric_Pad1.15x1.40mm_HandSolder","",""
"C52","1","1uF","","","","IceScreamer:C_0805_2012Metric_Pad1.15x1.40mm_HandSolder","",""
"C54","1","10uF","","","","IceScreamer:C_0805_2012Metric_Pad1.15x1.40mm_HandSolder","",""
"D1","1","5.1v","","","","Diode_SMD:D_SOD-123","~","C89693"
"D2,D4","2","LED","","","","LED_SMD:LED_0805_2012Metric","~","C2297"
"D3","1","1N4001","","","","Diode_SMD:D_SMA","","C727079"
"D8,D9","2","1N4148","","","","Diode_SMD:D_SOD-123","","C81598"
"J4","1","Conn_01x10_Pin","","","","Connector_PinHeader_2.54mm:PinHeader_1x10_P2.54mm_Vertical","~",""
"Q1,Q4","2","Q_NJFET_GDS","","","","easyeda2kicad:SOT-23-3_L2.9-W1.3-P1.90-LS2.4-BR","https://www.lcsc.com/datasheet/C2830807.pdf","C2830807"
"Q2,Q6,Q7,Q21","4","NPN_BC847B","","","","Package_TO_SOT_SMD:SOT-23","http://www.infineon.com/dgdl/Infineon-BC847SERIES_BC848SERIES_BC849SERIES_BC850SERIES-DS-v01_01-en.pdf?fileId=db3a304314dca389011541d4630a1657","C5952857"
"R3,R13,R222,R555","4","22k","","","","IceScreamer:R_0805_2012Metric_Pad1.15x1.40mm_HandSolder","",""
"R4","1","3.3k","","","","IceScreamer:R_0805_2012Metric_Pad1.15x1.40mm_HandSolder","",""
"R5,R8,R12,R17,R18,R34,R333","7","1M","","","","IceScreamer:R_0805_2012Metric_Pad1.15x1.40mm_HandSolder","",""
"R6,R55,R57","3","2.2M","","","","IceScreamer:R_0805_2012Metric_Pad1.15x1.40mm_HandSolder","",""
"R7","1","470k","","","","IceScreamer:R_0805_2012Metric_Pad1.15x1.40mm_HandSolder","",""
"R9","1","150k","","","","IceScreamer:R_0805_2012Metric_Pad1.15x1.40mm_HandSolder","",""
"R10","1","1k","","","","IceScreamer:R_0805_2012Metric_Pad1.15x1.40mm_HandSolder","",""
"R11,R16,R38,R58,R62","5","10k","","","","IceScreamer:R_0805_2012Metric_Pad1.15x1.40mm_HandSolder","",""
"R14","1","1.8k","","","","IceScreamer:R_0805_2012Metric_Pad1.15x1.40mm_HandSolder","",""
"R15,R32,R56,R59,R444","5","100k","","","","IceScreamer:R_0805_2012Metric_Pad1.15x1.40mm_HandSolder","",""
"R19,R61","2","100","","","","IceScreamer:R_0805_2012Metric_Pad1.15x1.40mm_HandSolder","",""
"R20,R24,R25,R28,R63,R67,R70,R72","8","10K","","","","IceScreamer:R_0805_2012Metric_Pad1.15x1.40mm_HandSolder","",""
"R23,R111","2","4.7k","","","","IceScreamer:R_0805_2012Metric_Pad1.15x1.40mm_HandSolder","",""
"R26","1","47k","","","","IceScreamer:R_0805_2012Metric_Pad1.15x1.40mm_HandSolder","",""
"R27,R52,R64,R66,R211","5","1K","","","","IceScreamer:R_0805_2012Metric_Pad1.15x1.40mm_HandSolder","",""
"R31","1","2.2k","","","","IceScreamer:R_0805_2012Metric_Pad1.15x1.40mm_HandSolder","",""
"R33","1","9.53k","","","","IceScreamer:R_0805_2012Metric_Pad1.15x1.40mm_HandSolder","",""
"R35","1","200k","","","","IceScreamer:R_0805_2012Metric_Pad1.15x1.40mm_HandSolder","",""
"R49","1","22M","","","","IceScreamer:R_0805_2012Metric_Pad1.15x1.40mm_HandSolder","",""
"R50","1","2.7k","","","","IceScreamer:R_0805_2012Metric_Pad1.15x1.40mm_HandSolder","",""
"R51","1","10M","","","","IceScreamer:R_0805_2012Metric_Pad1.15x1.40mm_HandSolder","",""
"R53","1","56k","","","","IceScreamer:R_0805_2012Metric_Pad1.15x1.40mm_HandSolder","",""
"R54","1","470","","","","IceScreamer:R_0805_2012Metric_Pad1.15x1.40mm_HandSolder","",""
"R60","1","10","","","","IceScreamer:R_0805_2012Metric_Pad1.15x1.40mm_HandSolder","",""
"R65","1","220R","","","","IceScreamer:R_0805_2012Metric_Pad1.15x1.40mm_HandSolder","",""
"R69,R223","2","470K","","","","IceScreamer:R_0805_2012Metric_Pad1.15x1.40mm_HandSolder","",""
"R71","1","100R","","","","IceScreamer:R_0805_2012Metric_Pad1.15x1.40mm_HandSolder","",""
"U1,U2,U3,U5,U6,U8,U9","7","LM7301","","","","easyeda2kicad:SOT-23-5_L2.9-W1.6-P0.95-LS2.8-BL","https://lcsc.com/product-detail/General-Purpose-Amplifiers_Texas-Instruments-Texas-Instruments-LM7301IM5X-NOPB_C468181.html","C468181"
"BT1","1","Battery_Cell","","Excluded from BOM","","Battery:BatteryHolder_MPD_BA9VPC_1xPP3","",""
"C14,C24","2","220uF","","Excluded from BOM","","IceScreamer:CP_Radial_D6.3mm_P2.50mm","",""
"C38","1","100u","","Excluded from BOM","","IceScreamer:CP_Radial_D6.3mm_P2.50mm","~",""
"J1","1","Barrel_Jack_Switch","","Excluded from BOM","","Connector_BarrelJack:BarrelJack_CLIFF_FC681465S_SMT_Horizontal","~",""
"J2,J3","2","NMJ6HFD2","","Excluded from BOM","","IceScreamer:IceJACK","",""
"JP1,JP3,JP20,JP21,JP30,JP31","6","PSEUDO","","Excluded from BOM","Excluded from board","Jumper:SolderJumper-2_P1.3mm_Open_RoundedPad1.0x1.5mm","",""
"POT2,POT3","2","log 500K","","Excluded from BOM","","Potentiometer_THT:Potentiometer_Bourns_PTV09A-1_Single_Vertical","",""
"POT4","1","log 500k","","Excluded from BOM","","Potentiometer_THT:Potentiometer_Bourns_PTV09A-1_Single_Vertical","",""
"POT7","1","lin 20k","","Excluded from BOM","","Potentiometer_THT:Potentiometer_Bourns_PTV09A-1_Single_Vertical","",""
"POT8","1","log 100K","","Excluded from BOM","","Potentiometer_THT:Potentiometer_Bourns_PTV09A-1_Single_Vertical","",""
"R1","1","50k","","Excluded from BOM","Excluded from board","IceScreamer:R_0805_2012Metric_Pad1.15x1.40mm_HandSolder","",""
"R2","1","450k","","Excluded from BOM","Excluded from board","IceScreamer:R_0805_2012Metric_Pad1.15x1.40mm_HandSolder","",""
"R21","1","100k","","Excluded from BOM","Excluded from board","IceScreamer:R_0805_2012Metric_Pad1.15x1.40mm_HandSolder","",""
"R29","1","2.2k","","Excluded from BOM","Excluded from board","IceScreamer:R_0805_2012Metric_Pad1.15x1.40mm_HandSolder","",""
"SW1","1","SW_TPDT","","Excluded from BOM","","IceScreamer:IceStomp_Switch_3PDT","",""
"V1,V5,V6,V9","4","VSIN","","Excluded from BOM","Excluded from board","","https://ngspice.sourceforge.io/docs/ngspice-html-manual/manual.xhtml#sec_Independent_Sources_for",""
"V4","1","pwl=""0.00000 0.0068 0.00029 0.0221 0.00059 -0.0035 0.00088 -0.0597 0.00118 -0.1041 0.00147 -0.1126 0.00177 -0.0879 0.00206 -0.0420 0.00235 -0.0014 0.00265 0.0231 0.00294 0.0461 0.00324 0.0649 0.00353 0.0759 0.00383 0.0811 0.00412 0.0819 0.00441 0.0792 0.00471 0.0733 0.00500 0.0647 0.00530 0.0541 0.00559 0.0434 0.00589 0.0319 0.00618 0.0149 0.00647 0.0081 0.00677 0.0287 0.00706 0.0623 0.00736 0.0892 0.00765 0.1027 0.00795 0.0799 0.00824 -0.0041 0.00853 -0.0989 0.00883 -0.1670 0.00912 -0.1988 0.00942 -0.1879 0.00971 -0.1476 0.01001 -0.1097 0.01030 -0.0834 0.01059 -0.0550 0.01089 -0.0285 0.01118 -0.0078 0.01148 0.0087 0.01177 0.0216 0.01207 0.0303 0.01236 0.0349 0.01265 0.0361 0.01295 0.0345 0.01324 0.0320 0.01354 0.0284 0.01383 0.0182 0.01413 0.0179 0.01442 0.0423 0.01471 0.0777 0.01501 0.1063 0.01530 0.1220 0.01560 0.1009 0.01589 0.0207 0.01619 -0.0703 0.01648 -0.1363 0.01677 -0.1679 0.01707 -0.1580 0.01736 -0.1183 0.01766 -0.0818 0.01795 -0.0561 0.01825 -0.0290 0.01854 -0.0036 0.01883 0.0163 0.01913 0.0320 0.01942 0.0444 0.01972 0.0528 0.02001 0.0572 0.02031 0.0580 0.02060 0.0559 0.02089 0.0525 0.02119 0.0473 0.02148 0.0342 0.02178 0.0320 0.02207 0.0544 0.02237 0.0874 0.02266 0.1152 0.02295 0.1314 0.02325 0.1093 0.02354 0.0316 0.02384 -0.0594 0.02413 -0.1292 0.02443 -0.1648 0.02472 -0.1585 0.02501 -0.1209 0.02531 -0.0867 0.02560 -0.0620 0.02590 -0.0356 0.02619 -0.0111 0.02649 0.0075 0.02678 0.0221 0.02707 0.0330 0.02737 0.0400 0.02766 0.0442 0.02796 0.0457 0.02825 0.0425 0.02855 0.0373 0.02884 0.0310 0.02913 0.0186 0.02943 0.0189 0.02972 0.0441 0.03002 0.0778 0.03031 0.1062 0.03061 0.1248 0.03090 0.1038 0.03119 0.0289 0.03149 -0.0598 0.03178 -0.1292 0.03208 -0.1647 0.03237 -0.1585 0.03267 -0.1210 0.03296 -0.0879 0.03325 -0.0639 0.03355 -0.0392 0.03384 -0.0168 0.03414 0.0014 0.03443 0.0172 0.03473 0.0298 0.03502 0.0387 0.03531 0.0444 0.03561 0.0444 0.03590 0.0370 0.03620 0.0302 0.03649 0.0249 0.03679 0.0159 0.03708 0.0206 0.03737 0.0481 0.03767 0.0818 0.03796 0.1102 0.03826 0.1292 0.03855 0.1066 0.03885 0.0305 0.03914 -0.0578 0.03943 -0.1281 0.03973 -0.1647 0.04002 -0.1582 0.04032 -0.1210 0.04061 -0.0893 0.04091 -0.0661 0.04120 -0.0424 0.04149 -0.0210 0.04179 -0.0024 0.04208 0.0145 0.04238 0.0288 0.04267 0.0402 0.04297 0.0473 0.04326 0.0462 0.04356 0.0387 0.04385 0.0341 0.04414 0.0281 0.04444 0.0191 0.04473 0.0239 0.04503 0.0495 0.04532 0.0812 0.04562 0.1088 0.04591 0.1276 0.04620 0.1047 0.04650 0.0299 0.04679 -0.0554 0.04709 -0.1240 0.04738 -0.1610 0.04768 -0.1540 0.04797 -0.1177 0.04826 -0.0870 0.04856 -0.0629 0.04885 -0.0382 0.04915 -0.0162 0.04944 0.0028 0.04974 0.0198 0.05003 0.0340 0.05032 0.0445 0.05062 0.0497 0.05091 0.0476 0.05121 0.0398 0.05150 0.0344 0.05180 0.0267 0.05209 0.0159 0.05238 0.0200 0.05268 0.0449 0.05297 0.0751 0.05327 0.1034 0.05356 0.1236 0.05386 0.1012 0.05415 0.0293 0.05444 -0.0532 0.05474 -0.1203 0.05503 -0.1568 0.05533 -0.1477 0.05562 -0.1117 0.05592 -0.0824 0.05621 -0.0596 0.05650 -0.0371 0.05680 -0.0174 0.05709 -0.0008 0.05739 0.0148 0.05768 0.0287 0.05798 0.0399 0.05827 0.0466 0.05856 0.0463 0.05886 0.0397 0.05915 0.0353 0.05945 0.0270 0.05974 0.0151 0.06004 0.0193 0.06033 0.0440 0.06062 0.0733 0.06092 0.1031 0.06121 0.1241 0.06151 0.1008 0.06180 0.0309 0.06210 -0.0499 0.06239 -0.1168 0.06268 -0.1537 0.06298 -0.1441 0.06327 -0.1105 0.06357 -0.0840 0.06386 -0.0628 0.06416 -0.0417 0.06445 -0.0234 0.06474 -0.0079 0.06504 0.0072 0.06533 0.0220 0.06563 0.0354 0.06592 0.0447 0.06622 0.0457 0.06651 0.0404 0.06680 0.0375 0.06710 0.0302 0.06739 0.0202 0.06769 0.0259 0.06798 0.0504 0.06828 0.0770 0.06857 0.1057 0.06886 0.1252 0.06916 0.0999 0.06945 0.0309 0.06975 -0.0486 0.07004 -0.1151 0.07034 -0.1514 0.07063 -0.1408 0.07092 -0.1083 0.07122 -0.0824 0.07151 -0.0619 0.07181 -0.0432 0.07210 -0.0273 0.07240 -0.0122 0.07269 0.0037 0.07298 0.0191 0.07328 0.0330 0.07357 0.0425 0.07387 0.0433 0.07416 0.0397 0.07446 0.0374 0.07475 0.0290 0.07504 0.0196 0.07534 0.0266 0.07563 0.0503 0.07593 0.0755 0.07622 0.1055 0.07652 0.1245 0.07681 0.0968 0.07710 0.0278 0.07740 -0.0496 0.07769 -0.1158 0.07799 -0.1518 0.07828 -0.1401 0.07858 -0.1074 0.07887 -0.0810 0.07916 -0.0595 0.07946 -0.0391 0.07975 -0.0219 0.08005 -0.0068 0.08034 0.0080 0.08064 0.0220 0.08093 0.0345 0.08122 0.0438 0.08152 0.0438 0.08181 0.0405 0.08211 0.0373 0.08240 0.0263 0.08270 0.0171 0.08299 0.0266 0.08328 0.0497 0.08358 0.0738 0.08387 0.1042 0.08417 0.1210 0.08446 0.0916 0.08476 0.0257 0.08505 -0.0465 0.08534 -0.1114 0.08564 -0.1459 0.08593 -0.1337 0.08623 -0.1027 0.08652 -0.0780 0.08682 -0.0576 0.08711 -0.0388 0.08740 -0.0233 0.08770 -0.0100 0.08799 0.0036 0.08829 0.0179 0.08858 0.0310 0.08888 0.0404 0.08917 0.0398 0.08946 0.0366 0.08976 0.0329 0.09005 0.0226 0.09035 0.0160 0.09064 0.0286 0.09094 0.0506 0.09123 0.0743 0.09152 0.1062 0.09182 0.1220 0.09211 0.0924 0.09241 0.0289 0.09270 -0.0416 0.09300 -0.1075 0.09329 -0.1423 0.09358 -0.1310 0.09388 -0.1019 0.09417 -0.0784 0.09447 -0.0585 0.09476 -0.0405 0.09506 -0.0258 0.09535 -0.0128 0.09564 0.0006 0.09594 0.0155 0.09623 0.0297 0.09653 0.0402 0.09682 0.0412 0.09712 0.0392 0.09741 0.0349 0.09770 0.0242 0.09800 0.0176 0.09829 0.0293 0.09859 0.0486 0.09888 0.0709 0.09918 0.1025 0.09947 0.1183 0.09976 0.0891 0.10006 0.0270 0.10035 -0.0427 0.10065 -0.1090 0.10094 -0.1427 0.10124 -0.1306 0.10153 -0.1025 0.10182 -0.0797 0.10212 -0.0601 0.10241 -0.0418 0.10271 -0.0267 0.10300 -0.0124 0.10330 0.0023 0.10359 0.0178 0.10388 0.0330 0.10418 0.0434 0.10447 0.0432 0.10477 0.0400 0.10506 0.0350 0.10536 0.0246 0.10565 0.0182 0.10594 0.0299 0.10624 0.0474 0.10653 0.0688 0.10683 0.1006 0.10712 0.1155 0.10742 0.0860 0.10771 0.0264 0.10800 -0.0406 0.10830 -0.1051 0.10859 -0.1369 0.10889 -0.1239 0.10918 -0.0963 0.10948 -0.0742 0.10977 -0.0554 0.11006 -0.0384 0.11036 -0.0242 0.11065 -0.0107 0.11095 0.0029 0.11124 0.0162 0.11154 0.0300 0.11183 0.0389 0.11212 0.0379 0.11242 0.0366 0.11271 0.0330 0.11301 0.0231 0.11330 0.0180 0.11360 0.0308 0.11389 0.0473 0.11418 0.0683 0.11448 0.1000 0.11477 0.1139 0.11507 0.0846 0.11536 0.0276 0.11566 -0.0382 0.11595 -0.1030 0.11624 -0.1340 0.11654 -0.1214 0.11683 -0.0957 0.11713 -0.0752 0.11742 -0.0574 0.11772 -0.0410 0.11801 -0.0273 0.11830 -0.0145 0.11860 -0.0003 0.11889 0.0136 0.11919 0.0283 0.11948 0.0371 0.11978 0.0357 0.12007 0.0350 0.12036 0.0315 0.12066 0.0214 0.12095 0.0185 0.12125 0.0320 0.12154 0.0473 0.12184 0.0688 0.12213 0.1005 0.12242 0.1135 0.12272 0.0840 0.12301 0.0288 0.12331 -0.0365 0.12360 -0.1006 0.12390 -0.1301 0.12419 -0.1179 0.12448 -0.0937 0.12478 -0.0744 0.12507 -0.0581 0.12537 -0.0436 0.12566 -0.0306 0.12596 -0.0179 0.12625 -0.0032 0.12655 0.0116 0.12684 0.0272 0.12713 0.0366 0.12743 0.0370 0.12772 0.0369 0.12802 0.0336 0.12831 0.0231 0.12861 0.0203 0.12890 0.0332 0.12919 0.0472 0.12949 0.0686 0.12978 0.0995 0.13008 0.1110 0.13037 0.0815 0.13067 0.0283 0.13096 -0.0361 0.13125 -0.0996 0.13155 -0.1281 0.13184 -0.1158 0.13214 -0.0920 0.13243 -0.0727 0.13273 -0.0556 0.13302 -0.0407 0.13331 -0.0275 0.13361 -0.0148 0.13390 -0.0008 0.13420 0.0134 0.13449 0.0285 0.13479 0.0364 0.13508 0.0366 0.13537 0.0362 0.13567 0.0324 0.13596 0.0212 0.13626 0.0191 0.13655 0.0317 0.13685 0.0450 0.13714 0.0669 0.13743 0.0974 0.13773 0.1072 0.13802 0.0778 0.13832 0.0266 0.13861 -0.0356 0.13891 -0.0966 0.13920 -0.1232 0.13949 -0.1110 0.13979 -0.0880 0.14008 -0.0697 0.14038 -0.0532 0.14067 -0.0392 0.14097 -0.0275 0.14126 -0.0153 0.14155 -0.0022 0.14185 0.0110 0.14214 0.0256 0.14244 0.0327 0.14273 0.0330 0.14303 0.0327 0.14332 0.0282 0.14361 0.0174 0.14391 0.0176 0.14420 0.0306 0.14450 0.0438 0.14479 0.0665 0.14509 0.0970 0.14538 0.1062 0.14567 0.0781 0.14597 0.0291 0.14626 -0.0320 0.14656 -0.0926 0.14685 -0.1195 0.14715 -0.1084 0.14744 -0.0868 0.14773 -0.0701 0.14803 -0.0552 0.14832 -0.0418 0.14862 -0.0306 0.14891 -0.0183 0.14921 -0.0051 0.14950 0.0087 0.14979 0.0244 0.15009 0.0327 0.15038 0.0346 0.15068 0.0355 0.15097 0.0311 0.15127 0.0199 0.15156 0.0201 0.15185 0.0321 0.15215 0.0442 0.15244 0.0662 0.15274 0.0958 0.15303 0.1039 0.15333 0.0764 0.15362 0.0297 0.15391 -0.0310 0.15421 -0.0916 0.15450 -0.1175 0.15480 -0.1071 0.15509 -0.0870 0.15539 -0.0709 0.15568 -0.0565 0.15597 -0.0429 0.15627 -0.0315 0.15656 -0.0185 0.15686 -0.0043 0.15715 0.0104 0.15745 0.0264 0.15774 0.0349 0.15803 0.0367 0.15833 0.0374 0.15862 0.0320 0.15892 0.0204 0.15921 0.0210 0.15951 0.0317 0.15980 0.0425 0.16009 0.0645 0.16039 0.0939 0.16068 0.1013 0.16098 0.0748 0.16127 0.0295 0.16157 -0.0308 0.16186 -0.0909 0.16215 -0.1163 0.16245 -0.1061 0.16274 -0.0869 0.16304 -0.0708 0.16333 -0.0565 0.16363 -0.0430 0.16392 -0.0307 0.16421 -0.0169 0.16451 -0.0030 0.16480 0.0115 0.16510 0.0266 0.16539 0.0342 0.16569 0.0357 0.16598 0.0364 0.16627 0.0302 0.16657 0.0184 0.16686 0.0197 0.16716 0.0294 0.16745 0.0402 0.16775 0.0631 0.16804 0.0928 0.16833 0.1002 0.16863 0.0755 0.16892 0.0321 0.16922 -0.0274 0.16951 -0.0866 0.16981 -0.1122 0.17010 -0.1034 0.17039 -0.0861 0.17069 -0.0711 0.17098 -0.0575 0.17128 -0.0446 0.17157 -0.0329 0.17187 -0.0192 0.17216 -0.0060 0.17245 0.0088 0.17275 0.0237 0.17304 0.0316 0.17334 0.0339 0.17363 0.0357 0.17393 0.0300 0.17422 0.0195 0.17451 0.0216 0.17481 0.0298 0.17510 0.0400 0.17540 0.0632 0.17569 0.0930 0.17599 0.1004 0.17628 0.0770 0.17657 0.0347 0.17687 -0.0248 0.17716 -0.0837 0.17746 -0.1095 0.17775 -0.1011 0.17805 -0.0847 0.17834 -0.0709 0.17863 -0.0578 0.17893 -0.0456 0.17922 -0.0343 0.17952 -0.0209 0.17981 -0.0085 0.18011 0.0063 0.18040 0.0213 0.18069 0.0298 0.18099 0.0335 0.18128 0.0369 0.18158 0.0313 0.18187 0.0207 0.18217 0.0223 0.18246 0.0295 0.18275 0.0393 0.18305 0.0629 0.18334 0.0924 0.18364 0.0991 0.18393 0.0763 0.18423 0.0355 0.18452 -0.0238 0.18481 -0.0826 0.18511 -0.1084 0.18540 -0.1012 0.18570 -0.0855 0.18599 -0.0719 0.18629 -0.0586 0.18658 -0.0460 0.18687 -0.0342 0.18717 -0.0199 0.18746 -0.0067 0.18776 0.0087 0.18805 0.0235 0.18835 0.0318 0.18864 0.0357 0.18893 0.0388 0.18923 0.0316 0.18952 0.0204 0.18982 0.0215 0.19011 0.0273 0.19041 0.0361 0.19070 0.0597 0.19099 0.0889 0.19129 0.0954 0.19158 0.0741 0.19188 0.0351 0.19217 -0.0229 0.19247 -0.0802 0.19276 -0.1042 0.19305 -0.0972 0.19335 -0.0828 0.19364 -0.0702 0.19394 -0.0576 0.19423 -0.0459 0.19453 -0.0345 0.19482 -0.0209 0.19511 -0.0079 0.19541 0.0076 0.19570 0.0221 0.19600 0.0299 0.19629 0.0340 0.19659 0.0371 0.19688 0.0293 0.19717 0.0194 0.19747 0.0218 0.19776 0.0278 0.19806 0.0369 0.19835 0.0608 0.19865 0.0891 0.19894 0.0951 0.19923 0.0750 0.19953 0.0371 0.19982 -0.0200 0.20012 -0.0768 0.20041 -0.1002 0.20071 -0.0946 0.20100 -0.0817 0.20129 -0.0697 0.20159 -0.0578 0.20188 -0.0475 0.20218 -0.0363 0.20247 -0.0230 0.20277 -0.0099 0.20306 0.0059 0.20335 0.0201 0.20365 0.0273 0.20394 0.0318 0.20424 0.0353 0.20453 0.0273 0.20483 0.0185 0.20512 0.0219 0.20541 0.0281 0.20571 0.0377 0.20600 0.0622 0.20630 0.0898 0.20659 0.0948 0.20689 0.0751 0.20718 0.0371 0.20747 -0.0200 0.20777 -0.0761 0.20806 -0.0991 0.20836 -0.0937 0.20865 -0.0811 0.20895 -0.0699 0.20924 -0.0588 0.20954 -0.0489 0.20983 -0.0371 0.21012 -0.0235 0.21042 -0.0095 0.21071 0.0064 0.21101 0.0203 0.21130 0.0273 0.21160 0.0322 0.21189 0.0355 0.21218 0.0266 0.21248 0.0181 0.21277 0.0218 0.21307 0.0276 0.21336 0.0374 0.21366 0.0626 0.21395 0.0893 0.21424 0.0935 0.21454 0.0748 0.21483 0.0380 0.21513 -0.0185 0.21542 -0.0737 0.21572 -0.0969 0.21601 -0.0919 0.21630 -0.0800 0.21660 -0.0692 0.21689 -0.0578 0.21719 -0.0479 0.21748 -0.0358 0.21778 -0.0224 0.21807 -0.0084 0.21836 0.0074 0.21866 0.0208 0.21895 0.0274 0.21925 0.0327 0.21954 0.0354 0.21984 0.0257 0.22013 0.0173 0.22042 0.0201 0.22072 0.0244 0.22101 0.0338 0.22131 0.0590 0.22160 0.0855 0.22190 0.0901 0.22219 0.0730 0.22248 0.0380 0.22278 -0.0177 0.22307 -0.0718 0.22337 -0.0948 0.22366 -0.0903 0.22396 -0.0788 0.22425 -0.0682 0.22454 -0.0569 0.22484 -0.0472 0.22513 -0.0350 0.22543 -0.0219 0.22572 -0.0081 0.22602 0.0070 0.22631 0.0199 0.22660 0.0265 0.22690 0.0326 0.22719 0.0350 0.22749 0.0251 0.22778 0.0176 0.22808 0.0204 0.22837 0.0243 0.22866 0.0342 0.22896 0.0598 0.22925 0.0862 0.22955 0.0911 0.22984 0.0750 0.23014 0.0415 0.23043 -0.0141 0.23072 -0.0685 0.23102 -0.0922 0.23131 -0.0895 0.23161 -0.0797 0.23190 -0.0696 0.23220 -0.0589 0.23249 -0.0496 0.23278 -0.0375 0.23308 -0.0245 0.23337 -0.0106 0.23367 0.0048 0.23396 0.0177 0.23426 0.0248 0.23455 0.0319 0.23484 0.0344 0.23514 0.0248 0.23543 0.0179 0.23573 0.0205 0.23602 0.0237 0.23632 0.0333 0.23661 0.0586 0.23690 0.0845 0.23720 0.0901 0.23749 0.0753 0.23779 0.0425 0.23808 -0.0129 0.23838 -0.0670 0.23867 -0.0913 0.23896 -0.0893 0.23926 -0.0800 0.23955 -0.0695 0.23985 -0.0588 0.24014 -0.0493 0.24044 -0.0373 0.24073 -0.0245 0.24102 -0.0105 0.24132 0.0049 0.24161 0.0180 0.24191 0.0252 0.24220 0.0330 0.24250 0.0357 0.24279 0.0262 0.24308 0.0192 0.24338 0.0205 0.24367 0.0220 0.24397 0.0314 0.24426 0.0575 0.24456 0.0835 0.24485 0.0893 0.24514 0.0755 0.24544 0.0432 0.24573 -0.0117 0.24603 -0.0648 0.24632 -0.0885 0.24662 -0.0866 0.24691 -0.0780 0.24720 -0.0678 0.24750 -0.0580 0.24779 -0.0486 0.24809 -0.0366 0.24838 -0.0242 0.24868 -0.0107 0.24897 0.0042 0.24926 0.0165 0.24956 0.0235 0.24985 0.0317 0.25015 0.0339 0.25044 0.0239 0.25074 0.0169 0.25103 0.0180 0.25132 0.0198 0.25162 0.0304 0.25191 0.0571 0.25221 0.0825 0.25250 0.0886 0.25280 0.0765 0.25309 0.0455 0.25338 -0.0078 0.25368 -0.0601 0.25397 -0.0847 0.25427 -0.0843 0.25456 -0.0771 0.25486 -0.0680 0.25515 -0.0594 0.25544 -0.0500 0.25574 -0.0380 0.25603 -0.0257 0.25633 -0.0119 0.25662 0.0028 0.25692 0.0144 0.25721 0.0217 0.25750 0.0307 0.25780 0.0323 0.25809 0.0227 0.25839 0.0165 0.25868 0.0177 0.25898 0.0196 0.25927 0.0304 0.25956 0.0572 0.25986 0.0823 0.26015 0.0885 0.26045 0.0774 0.26074 0.0472 0.26104 -0.0055 0.26133 -0.0572 0.26162 -0.0821 0.26192 -0.0828 0.26221 -0.0768 0.26251 -0.0680 0.26280 -0.0596 0.26310 -0.0503 0.26339 -0.0391 0.26368 -0.0271 0.26398 -0.0137 0.26427 0.0010 0.26457 0.0125 0.26486 0.0205 0.26516 0.0303 0.26545 0.0320 0.26574 0.0227 0.26604 0.0173 0.26633 0.0185 0.26663 0.0200 0.26692 0.0310 0.26722 0.0573 0.26751 0.0815 0.26780 0.0875 0.26810 0.0769 0.26839 0.0471 0.26869 -0.0049 0.26898 -0.0562 0.26928 -0.0812 0.26957 -0.0824 0.26986 -0.0763 0.27016 -0.0671 0.27045 -0.0587 0.27075 -0.0495 0.27104 -0.0386 0.27134 -0.0270 0.27163 -0.0138 0.27192 0.0009 0.27222 0.0120 0.27251 0.0201 0.27281 0.0299 0.27310 0.0311 0.27340 0.0218 0.27369 0.0169 0.27398 0.0178 0.27428 0.0190 0.27457 0.0301 0.27487 0.0561 0.27516 0.0799 0.27546 0.0863 0.27575 0.0770 0.27604 0.0482 0.27634 -0.0026 0.27663 -0.0531 0.27693 -0.0779 0.27722 -0.0796 0.27752 -0.0736 0.27781 -0.0648 0.27810 -0.0568 0.27840 -0.0482 0.27869 -0.0382 0.27899 -0.0270 0.27928 -0.0145 0.27958 -0.0006 0.27987 0.0099 0.28016 0.0180 0.28046 0.0280 0.28075 0.0291 0.28105 0.0202 0.28134 0.0160 0.28164 0.0169 0.28193 0.0180 0.28222 0.0293 0.28252 0.0552 0.28281 0.0789 0.28311 0.0857 0.28340 0.0772 0.28370 0.0491 0.28399 -0.0012 0.28428 -0.0511 0.28458 -0.0756 0.28487 -0.0780 0.28517 -0.0724 0.28546 -0.0641 0.28576 -0.0565 0.28605 -0.0481 0.28634 -0.0388 0.28664 -0.0282 0.28693 -0.0160 0.28723 -0.0023 0.28752 0.0078 0.28782 0.0165 0.28811 0.0271 0.28840 0.0287 0.28870 0.0205 0.28899 0.0168 0.28929 0.0179 0.28958 0.0190 0.28988 0.0308 0.29017 0.0565 0.29046 0.0791 0.29076 0.0853 0.29105 0.0773 0.29135 0.0494 0.29164 -0.0003 0.29194 -0.0500 0.29223 -0.0748 0.29253 -0.0784 0.29282 -0.0730 0.29311 -0.0649 0.29341 -0.0576 0.29370 -0.0492 0.29400 -0.0399 0.29429 -0.0292 0.29459 -0.0167 0.29488 -0.0029 0.29517 0.0071 0.29547 0.0165 0.29576 0.0272 0.29606 0.0279 0.29635 0.0199 0.29665 0.0168 0.29694 0.0177 0.29723 0.0182 0.29753 0.0298 0.29782 0.0551 0.29812 0.0774 0.29841 0.0846 0.29871 0.0778 0.29900 0.0508 0.29929 0.0023 0.29959 -0.0468 0.29988 -0.0718 0.30018 -0.0763 0.30047 -0.0712 0.30077 -0.0638 0.30106 -0.0571 0.30135 -0.0494 0.30165 -0.0402 0.30194 -0.0292 0.30224 -0.0162 0.30253 -0.0025 0.30283 0.0068 0.30312 0.0160 0.30341 0.0264 0.30371 0.0269 0.30400 0.0194 0.30430 0.0164 0.30459 0.0166 0.30489 0.0168 0.30518 0.0283 0.30547 0.0532 0.30577 0.0752 0.30606 0.0831 0.30636 0.0776 0.30665 0.0520 0.30695 0.0051 0.30724 -0.0431 0.30753 -0.0681 0.30783 -0.0736 0.30812 -0.0694 0.30842 -0.0627 0.30871 -0.0565 0.30901 -0.0494 0.30930 -0.0407 0.30959 -0.0301 0.30989 -0.0177 0.31018 -0.0048 0.31048 0.0041 0.31077 0.0135 0.31107 0.0241 0.31136 0.0248 0.31165 0.0181 0.31195 0.0159 0.31224 0.0160 0.31254 0.0163 0.31283 0.0283 0.31313 0.0533 0.31342 0.0749 0.31371 0.0830 0.31401 0.0779 0.31430 0.0528 0.31460 0.0066 0.31489 -0.0405 0.31519 -0.0656 0.31548 -0.0717 0.31577 -0.0681 0.31607 -0.0621 0.31636 -0.0561 0.31666 -0.0493 0.31695 -0.0409 0.31725 -0.0308 0.31754 -0.0185 0.31783 -0.0057 0.31813 0.0034 0.31842 0.0134 0.31872 0.0243 0.31901 0.0250 0.31931 0.0185 0.31960 0.0166 0.31989 0.0165 0.32019 0.0168 0.32048 0.0287 0.32078 0.0527 0.32107 0.0731 0.32137 0.0812 0.32166 0.0769 0.32195 0.0530 0.32225 0.0075 0.32254 -0.0388 0.32284 -0.0640 0.32313 -0.0708 0.32343 -0.0673 0.32372 -0.0616 0.32401 -0.0557 0.32431 -0.0492 0.32460 -0.0412 0.32490 -0.0314 0.32519 -0.0190 0.32549 -0.0065 0.32578 0.0024 0.32607 0.0131 0.32637 0.0239 0.32666 0.0243 0.32696 0.0180 0.32725 0.0161 0.32755 0.0155 0.32784 0.0153 0.32813 0.0269 0.32843 0.0503 0.32872 0.0704 0.32902 0.0791 0.32931 0.0756 0.32961 0.0530 0.32990 0.0086 0.33019 -0.0364 0.33049 -0.0613 0.33078 -0.0684 0.33108 -0.0651 0.33137 -0.0594 0.33167 -0.0536 0.33196 -0.0474 0.33225 -0.0398 0.33255 -0.0305 0.33284 -0.0184 0.33314 -0.0066 0.33343 0.0018 0.33373 0.0126 0.33402 0.0233 0.33431 0.0234 0.33461 0.0175 0.33490 0.0158 0.33520 0.0147 0.33549 0.0140 0.33579 0.0255 0.33608 0.0485 0.33637 0.0682 0.33667 0.0777 0.33696 0.0754 0.33726 0.0540 0.33755 0.0106 0.33785 -0.0336 0.33814 -0.0592 0.33843 -0.0673 0.33873 -0.0646 0.33902 -0.0592 0.33932 -0.0532 0.33961 -0.0471 0.33991 -0.0397 0.34020 -0.0308 0.34049 -0.0191 0.34079 -0.0079 0.34108 0.0004 0.34138 0.0116 0.34167 0.0226 0.34197 0.0230 0.34226 0.0177 0.34255 0.0165 0.34285 0.0151 0.34314 0.0142 0.34344 0.0256 0.34373 0.0478 0.34403 0.0669 0.34432 0.0768 0.34461 0.0752 0.34491 0.0545 0.34520 0.0116 0.34550 -0.0322 0.34579 -0.0586 0.34609 -0.0675 0.34638 -0.0653 0.34667 -0.0600 0.34697 -0.0537 0.34726 -0.0474 0.34756 -0.0399 0.34785 -0.0308 0.34815 -0.0190 0.34844 -0.0079 0.34873 0.0004 0.34903 0.0120 0.34932 0.0231 0.34962 0.0231 0.34991 0.0180 0.35021 0.0170 0.35050 0.0153 0.35079 0.0143 0.35109 0.0253 0.35138 0.0469 0.35168 0.0657 0.35197 0.0758 0.35227 0.0750 0.35256 0.0553 0.35285 0.0134 0.35315 -0.0298 0.35344 -0.0566 0.35374 -0.0660 0.35403 -0.0645 0.35433 -0.0594 0.35462 -0.0533 0.35491 -0.0475 0.35521 -0.0404 0.35550 -0.0311 0.35580 -0.0190 0.35609 -0.0081 0.35639 -0.0001 0.35668 0.0113 0.35697 0.0219 0.35727 0.0219 0.35756 0.0175 0.35786 0.0167 0.35815 0.0145 0.35845 0.0130 0.35874 0.0236 0.35903 0.0447 0.35933 0.0630 0.35962 0.0735 0.35992 0.0743 0.36021 0.0560 0.36051 0.0154 0.36080 -0.0265 0.36109 -0.0534 0.36139 -0.0635 0.36168 -0.0627 0.36198 -0.0582 0.36227 -0.0527 0.36257 -0.0470 0.36286 -0.0402 0.36315 -0.0312 0.36345 -0.0192 0.36374 -0.0089 0.36404 -0.0010 0.36433 0.0105 0.36463 0.0212 0.36492 0.0213 0.36521 0.0173 0.36551 0.0165 0.36580 0.0135 0.36610 0.0114 0.36639 0.0220 0.36669 0.0428 0.36698 0.0615 0.36727 0.0730 0.36757 0.0750 0.36786 0.0572 0.36816 0.0171 0.36845 -0.0239 0.36875 -0.0511 0.36904 -0.0617 0.36933 -0.0614 0.36963 -0.0573 0.36992 -0.0524 0.37022 -0.0472 0.37051 -0.0409 0.37081 -0.0322 0.37110 -0.0203 0.37139 -0.0104 0.37169 -0.0023 0.37198 0.0100 0.37228 0.0210 0.37257 0.0213 0.37287 0.0177 0.37316 0.0166 0.37345 0.0130 0.37375 0.0107 0.37404 0.0212 0.37434 0.0414 0.37463 0.0599 0.37493 0.0716 0.37522 0.0739 0.37552 0.0566 0.37581 0.0177 0.37610 -0.0226 0.37640 -0.0498 0.37669 -0.0604 0.37699 -0.0603 0.37728 -0.0561 0.37758 -0.0513 0.37787 -0.0463 0.37816 -0.0404 0.37846 -0.0320 0.37875 -0.0204 0.37905 -0.0108 0.37934 -0.0025 0.37964 0.0102 0.37993 0.0212 0.38022 0.0215 0.38052 0.0181 0.38081 0.0170 0.38111 0.0132 0.38140 0.0109 0.38170 0.0213 0.38199 0.0407 0.38228 0.0585 0.38258 0.0701 0.38287 0.0732 0.38317 0.0566 0.38346 0.0188 0.38376 -0.0208 0.38405 -0.0482 0.38434 -0.0591 0.38464 -0.0595 0.38493 -0.0555 0.38523 -0.0509 0.38552 -0.0463 0.38582 -0.0407 0.38611 -0.0324 0.38640 -0.0207 0.38670 -0.0112 0.38699 -0.0030 0.38729 0.0098 0.38758 0.0204 0.38788 0.0206 0.38817 0.0174 0.38846 0.0160 0.38876 0.0120 0.38905 0.0093 0.38935 0.0193 0.38964 0.0382 0.38994 0.0562 0.39023 0.0688 0.39052 0.0733 0.39082 0.0579 0.39111 0.0214 0.39141 -0.0176 0.39170 -0.0452 0.39200 -0.0567 0.39229 -0.0578 0.39258 -0.0546 0.39288 -0.0506 0.39317 -0.0466 0.39347 -0.0416 0.39376 -0.0333 0.39406 -0.0218 0.39435 -0.0126 0.39464 -0.0041 0.39494 0.0093 0.39523 0.0201 0.39553 0.0202 0.39582 0.0175 0.39612 0.0163 0.39641 0.0120 0.39670 0.0091 0.39700 0.0190 0.39729 0.0376 0.39759 0.0554 0.39788 0.0682 0.39818 0.0732 0.39847 0.0583 0.39876 0.0229 0.39906 -0.0154 0.39935 -0.0431 0.39965 -0.0551 0.39994 -0.0568 0.40024 -0.0539 0.40053 -0.0502 0.40082 -0.0464 0.40112 -0.0417 0.40141 -0.0335 0.40171 -0.0223 0.40200 -0.0134 0.40230 -0.0050 0.40259 0.0085 0.40288 0.0189 0.40318 0.0192 0.40347 0.0169 0.40377 0.0159 0.40406 0.0114 0.40436 0.0089 0.40465 0.0187 0.40494 0.0369 0.40524 0.0542 0.40553 0.0670 0.40583 0.0725 0.40612 0.0580 0.40642 0.0235 0.40671 -0.0141 0.40700 -0.0417 0.40730 -0.0543 0.40759 -0.0562 0.40789 -0.0533 0.40818 -0.0495 0.40848 -0.0455 0.40877 -0.0409 0.40906 -0.0326 0.40936 -0.0215 0.40965 -0.0131 0.40995 -0.0047 0.41024 0.0087 0.41054 0.0189 0.41083 0.0191 0.41112 0.0171 0.41142 0.0160 0.41171 0.0111 0.41201 0.0084 0.41230 0.0178 0.41260 0.0356 0.41289 0.0528 0.41318 0.0661 0.41348 0.0723 0.41377 0.0586 0.41407 0.0252 0.41436 -0.0120 0.41466 -0.0399 0.41495 -0.0534 0.41524 -0.0561 0.41554 -0.0535 0.41583 -0.0499 0.41613 -0.0461 0.41642 -0.0417 0.41672 -0.0334 0.41701 -0.0226 0.41730 -0.0145 0.41760 -0.0060 0.41789 0.0076 0.41819 0.0176 0.41848 0.0180 0.41878 0.0163 0.41907 0.0154 0.41936 0.0100 0.41966 0.0074 0.41995 0.0167 0.42025 0.0343 0.42054 0.0516 0.42084 0.0653 0.42113 0.0723 0.42142 0.0595 0.42172 0.0275 0.42201 -0.0093 0.42231 -0.0370 0.42260 -0.0509 0.42290 -0.0541 0.42319 -0.0518 0.42348 -0.0484 0.42378 -0.0450 0.42407 -0.0409 0.42437 -0.0327 0.42466 -0.0222 0.42496 -0.0147 0.42525 -0.0064 0.42554 0.0071 0.42584 0.0166 0.42613 0.0170 0.42643 0.0155 0.42672 0.0148 0.42702 0.0097 0.42731 0.0072 0.42760 0.0164 0.42790 0.0336 0.42819 0.0504 0.42849 0.0644 0.42878 0.0720 0.42908 0.0598 0.42937 0.0284 0.42966 -0.0079 0.42996 -0.0358 0.43025 -0.0502 0.43055 -0.0539 0.43084 -0.0520 0.43114 -0.0489 0.43143 -0.0456 0.43172 -0.0414 0.43202 -0.0328 0.43231 -0.0222 0.43261 -0.0150 0.43290 -0.0068 0.43320 0.0066 0.43349 0.0160 0.43378 0.0165 0.43408 0.0155 0.43437 0.0147 0.43467 0.0092 0.43496 0.0064 0.43526 0.0151 0.43555 0.0319 0.43584 0.0482 0.43614 0.0626 0.43643 0.0707 0.43673 0.0595 0.43702 0.0295 0.43732 -0.0058 0.43761 -0.0336 0.43790 -0.0483 0.43820 -0.0523 0.43849 -0.0505 0.43879 -0.0474 0.43908 -0.0445 0.43938 -0.0407 0.43967 -0.0325 0.43996 -0.0225 0.44026 -0.0158 0.44055 -0.0076 0.44085 0.0060 0.44114 0.0153 0.44144 0.0161 0.44173 0.0158 0.44202 0.0152 0.44232 0.0097 0.44261 0.0069 0.44291 0.0153 0.44320 0.0315 0.44350 0.0473 0.44379 0.0618 0.44408 0.0701 0.44438 0.0593 0.44467 0.0299 0.44497 -0.0048 0.44526 -0.0325 0.44556 -0.0474 0.44585 -0.0514 0.44614 -0.0497 0.44644 -0.0466 0.44673 -0.0442 0.44703 -0.0407 0.44732 -0.0327 0.44762 -0.0232 0.44791 -0.0172 0.44820 -0.0091 0.44850 0.0044 0.44879 0.0137 0.44909 0.0147 0.44938 0.0149 0.44968 0.0145 0.44997 0.0091 0.45026 0.0067 0.45056 0.0149 0.45085 0.0306 0.45115 0.0461 0.45144 0.0612 0.45174 0.0702 0.45203 0.0603 0.45232 0.0317 0.45262 -0.0023 0.45291 -0.0301 0.45321 -0.0455 0.45350 -0.0498 0.45380 -0.0483 0.45409 -0.0455 0.45438 -0.0434 0.45468 -0.0402 0.45497 -0.0325 0.45527 -0.0235 0.45556 -0.0179 0.45586 -0.0097 0.45615 0.0038 0.45644 0.0131 0.45674 0.0144 0.45703 0.0151 0.45733 0.0145 0.45762 0.0089 0.45792 0.0060 0.45821 0.0137 0.45851 0.0289 0.45880 0.0443 0.45909 0.0599 0.45939 0.0692 0.45968 0.0598 0.45998 0.0321 0.46027 -0.0014 0.46057 -0.0289 0.46086 -0.0444 0.46115 -0.0487 0.46145 -0.0473 0.46174 -0.0447 0.46204 -0.0429 0.46233 -0.0402 0.46263 -0.0325 0.46292 -0.0239 0.46321 -0.0187 0.46351 -0.0102 0.46380 0.0032 0.46410 0.0123 0.46439 0.0137 0.46469 0.0147 0.46498 0.0143 0.46527 0.0088 0.46557 0.0058 0.46586 0.0133 0.46616 0.0282 0.46645 0.0434 0.46675 0.0591 0.46704 0.0686 0.46733 0.0594 0.46763 0.0324 0.46792 -0.0003 0.46822 -0.0275 0.46851 -0.0431 0.46881 -0.0475 0.46910 -0.0462 0.46939 -0.0436 0.46969 -0.0419 0.46998 -0.0393 0.47028 -0.0318 0.47057 -0.0235 0.47087 -0.0189 0.47116 -0.0107 0.47145 0.0025 0.47175 0.0114 0.47204 0.0129 0.47234 0.0143 0.47263 0.0138 0.47293 0.0083 0.47322 0.0053 0.47351 0.0128 0.47381 0.0275 0.47410 0.0424 0.47440 0.0583 0.47469 0.0680 0.47499 0.0593 0.47528 0.0332 0.47557 0.0012 0.47587 -0.0260 0.47616 -0.0419 0.47646 -0.0466 0.47675 -0.0454 0.47705 -0.0431 0.47734 -0.0418 0.47763 -0.0394 0.47793 -0.0321 0.47822 -0.0242 0.47852 -0.0198 0.47881 -0.0115 0.47911 0.0017 0.47940 0.0105 0.47969 0.0123 0.47999 0.0143 0.48028 0.0139 0.48058 0.0083 0.48087 0.0052 0.48117 0.0123 0.48146 0.0264 0.48175 0.0411 0.48205 0.0571 0.48234 0.0671 0.48264 0.0591 0.48293 0.0340 0.48323 0.0029 0.48352 -0.0240 0.48381 -0.0401 0.48411 -0.0453 0.48440 -0.0443 0.48470 -0.0422 0.48499 -0.0414 0.48529 -0.0392 0.48558 -0.0321 0.48587 -0.0247 0.48617 -0.0205 0.48646 -0.0122 0.48676 0.0011 0.48705 0.0099 0.48735 0.0122 0.48764 0.0147 0.48793 0.0143 0.48823 0.0085 0.48852 0.0051 0.48882 0.0121 0.48911 0.0255 0.48941 0.0399 0.48970 0.0559 0.48999 0.0661 0.49029 0.0588 0.49058 0.0346 0.49088 0.0042 0.49117 -0.0226 0.49147 -0.0390 0.49176 -0.0445 0.49205 -0.0437 0.49235 -0.0417 0.49264 -0.0412 0.49294 -0.0390 0.49323 -0.0320 0.49353 -0.0253 0.49382 -0.0213 0.49411 -0.0131 0.49441 0.0001 0.49470 0.0087 0.49500 0.0114 0.49529 0.0142 0.49559 0.0138 0.49588 0.0082 0.49617 0.0049 0.49647 0.0119 0.49676 0.0248 0.49706 0.0391 0.49735 0.0552 0.49765 0.0656 0.49794 0.0589 0.49823 0.0355 0.49853 0.0058 0.49882 -0.0209 0.49912 -0.0374 0.49941 -0.0434 0.49971 -0.0423 0.50000 -0.0390""","","Excluded from BOM","Excluded from board","","https://ngspice.sourceforge.io/docs/ngspice-html-manual/manual.xhtml#sec_Independent_Sources_for",""
"V7","1","4.5","","Excluded from BOM","Excluded from board","","https://ngspice.sourceforge.io/docs/ngspice-html-manual/manual.xhtml#sec_Independent_Sources_for",""
"V8","1","9","","Excluded from BOM","Excluded from board","","https://ngspice.sourceforge.io/docs/ngspice-html-manual/manual.xhtml#sec_Independent_Sources_for",""
